{
  "type": "FaceSlimer",
  "name_en": "soulian",
  "name_cn": "06",
  "thumbnail": "thumbnail.png",
  "version": "1.0",
  "params": {
    "width": 511,
    "height": 574,
    "lamba": 20,
    "ratio": 1.0,
    "face_rect": [
      73,
      186,
      359,
      359
    ],
    "orien_angle": [
      0.010545349827998174,
      0.9999443962526142
    ],
    "max_length": 117.34939583480461,
    "left_length": 124.32031690881182,
    "center_length": 76.19351820636318,
    "right_length": 121.67537123862687,
    "left_select_num": 17,
    "center_select_num": 4,
    "right_select_num": 17,
    "control_points": [
      -0.4163279673357999,
      0.09907090456228224,
      -0.34655630331916587,
      0.1541141948633493,
      -0.2632043767581947,
      0.15257890548440223,
      -0.17854562897504891,
      0.13897837994406032,
      -0.09776076225385275,
      0.11393083844866071,
      -0.3437671400096318,
      -0.01550973500108885,
      -0.10286746986224926,
      0.06551634891523302,
      -0.20699422280149218,
      -0.45935079860354966,
      -0.14692434172807609,
      -0.4964827162048127,
      -0.3193648426033513,
      -0.23738379927047037,
      -0.22980082711594912,
      0.4203224315045187,
      -0.49408645779186033,
      0.1507201510439351,
      -0.5217866542987861,
      0.41298189063520796,
      -0.33659771883790973,
      0.6860933469978359,
      -0.40460264799412915,
      0.31279050182382406,
      -0.11918947701351516,
      0.3429548416403528,
      -0.21165087078415484,
      0.29011992876538,
      -0.0013601523322835127,
      -0.7574860576137848,
      -0.013242240054733366,
      0.24555017557709058,
      -0.016542796752690804,
      0.47108603022239764,
      0.006865320373654599,
      0.7451955017727842,
      0.0841332004494863,
      0.11767381408904072,
      0.16729055505442758,
      0.14160959064337433,
      0.2522486259326076,
      0.1531149834290614,
      0.33626620596868884,
      0.1504830283985736,
      0.4031270544123043,
      0.09975983623012849,
      0.33218150876039626,
      -0.020420725752667682,
      0.08952579386313601,
      0.07026943512494556,
      0.1988763081350905,
      -0.45934261096063805,
      0.14229719606164384,
      -0.49958168588033536,
      0.3000626834637965,
      -0.2357066084698933,
      0.23898787227862034,
      0.4182175161115799,
      0.49978500336350296,
      0.14328204962434668,
      0.34979940813814825,
      0.6824237411445857,
      0.5299508231026786,
      0.40595045986906575,
      0.411535214537977,
      0.30717250279017855,
      0.11054075954011741,
      0.3419023573606272,
      0.2018749140013454,
      0.2873109292485573
    ],
    "origin_points": [
      -0.4163279673357999,
      0.09907090456228224,
      -0.34655630331916587,
      0.1541141948633493,
      -0.2632043767581947,
      0.15257890548440223,
      -0.17854562897504891,
      0.13897837994406032,
      -0.09776076225385275,
      0.11393083844866071,
      -0.3437671400096318,
      -0.01550973500108885,
      -0.10286746986224926,
      0.06551634891523302,
      -0.20699422280149218,
      -0.45935079860354966,
      -0.14692434172807609,
      -0.4964827162048127,
      -0.3193648426033513,
      -0.23738379927047037,
      -0.2245634493295927,
      0.45340529385344075,
      -0.49408645779186033,
      0.1507201510439351,
      -0.5217866542987861,
      0.41298189063520796,
      -0.33659771883790973,
      0.6860933469978359,
      -0.41005950151357634,
      0.33468968195366944,
      -0.11890281483151909,
      0.34947773471526566,
      -0.21165087078415484,
      0.29011992876538,
      -0.0013601523322835127,
      -0.7574860576137848,
      -0.013242240054733366,
      0.24555017557709058,
      -0.017395975071856654,
      0.511007063064841,
      0.006865320373654599,
      0.7451955017727842,
      0.0841332004494863,
      0.11767381408904072,
      0.16729055505442758,
      0.14160959064337433,
      0.2522486259326076,
      0.1531149834290614,
      0.33626620596868884,
      0.1504830283985736,
      0.4031270544123043,
      0.09975983623012849,
      0.33218150876039626,
      -0.020420725752667682,
      0.08952579386313601,
      0.07026943512494556,
      0.1988763081350905,
      -0.45934261096063805,
      0.14229719606164384,
      -0.49958168588033536,
      0.3000626834637965,
      -0.2357066084698933,
      0.23375043477097604,
      0.45130037846050197,
      0.49978500336350296,
      0.14328204962434668,
      0.34979940813814825,
      0.6824237411445857,
      0.5299508231026786,
      0.40595045986906575,
      0.41699206805742417,
      0.329071682920024,
      0.11025409735812133,
      0.34842525043554007,
      0.2018749140013454,
      0.2873109292485573
    ],
    "left_index": [
      33,
      34,
      35,
      36,
      37,
      52,
      67,
      84,
      95,
      104,
      108,
      110,
      112,
      113,
      117,
      127,
      129
    ],
    "center_index": [
      16,
      106,
      107,
      114
    ],
    "right_index": [
      38,
      39,
      40,
      41,
      42,
      61,
      68,
      90,
      91,
      105,
      109,
      111,
      115,
      116,
      118,
      128,
      130
    ]
  }
}