{
  "type": "FaceSlimer",
  "name_en": "soulian",
  "name_cn": "04",
  "thumbnail": "thumbnail.png",
  "version": "1.0",
  "params": {
    "width": 511,
    "height": 574,
    "lamba":60,
    "ratio": 1.0,
    "face_rect": [
      73,
      186,
      359,
      359
    ],
    "orien_angle": [
      0.010545349827998174,
      0.9999443962526142
    ],
    "max_length": 117.34939583480461,
    "left_length": 124.32031690881182,
    "center_length": 76.19351820636318,
    "right_length": 121.67537123862687,
    "control_points": [
      -0.5405695667005566,
      0.010787910700675087,
      -0.5269703725079501,
      -0.2330812460869447,
      -0.5127527046576872,
      -0.29251662197844075,
      -0.48539360628669276,
      -0.35176729740581447,
      -0.45997049290606656,
      -0.41105795405052264,
      -0.42337137659001955,
      -0.4605164212216899,
      -0.3826481470156556,
      -0.5224673174814896,
      -0.3377539826932485,
      -0.5853543696918554,
      -0.28876246024951074,
      -0.6347524397049216,
      -0.4163279673357999,
      0.09907090456228224,
      -0.34655630331916587,
      0.1541141948633493,
      -0.11566484604329745,
      -0.34771951814977137,
      -0.3437671400096318,
      -0.01550973500108885,
      -0.14150941255274585,
      -0.3041962414253049,
      -0.20995998195939333,
      -0.45119505559941203,
      -0.14467410332069472,
      -0.497248526649608,
      -0.3193648426033513,
      -0.23738379927047037,
      -0.0013601523322835127,
      -0.7574860576137848,
      0.27472437431201074,
      -0.6356986972928462,
      0.3233590023391634,
      -0.5854079615363676,
      0.36735531681904354,
      -0.5218393146368685,
      0.40518767773055286,
      -0.4590665704281903,
      0.43950520196306264,
      -0.41052979791621297,
      0.4639730136221869,
      -0.3508952602692182,
      0.4897176664169521,
      -0.29195901159625437,
      0.49878956893652154,
      -0.2328078638801176,
      0.5239957745994374,
      0.021037563629682055,
      0.33626620596868884,
      0.1504830283985736,
      0.4031270544123043,
      0.09975983623012849,
      0.11010909407106165,
      -0.34476505505498695,
      0.33218150876039626,
      -0.020420725752667682,
      0.13241105350262966,
      -0.30340427305640244,
      0.20184206729299167,
      -0.4511868679565004,
      0.14004689793297456,
      -0.5003474963251306,
      0.3000626834637965,
      -0.2357066084698933
    ],
    "origin_points": [
      -0.5405695667005566,
      0.010787910700675087,
      -0.5269703725079501,
      -0.2330812460869447,
      -0.5127527046576872,
      -0.29251662197844075,
      -0.4927242749357877,
      -0.35499067672038326,
      -0.4695627470072468,
      -0.4139957228604094,
      -0.4402149297486546,
      -0.46962373846499345,
      -0.4030731858106042,
      -0.5243972618820776,
      -0.361122325441842,
      -0.5760440627041594,
      -0.316296960043114,
      -0.6203743007540288,
      -0.4163279673357999,
      0.09907090456228224,
      -0.34655630331916587,
      0.1541141948633493,
      -0.11151314154996331,
      -0.34569461835801396,
      -0.3437671400096318,
      -0.01550973500108885,
      -0.14150941255274585,
      -0.3041962414253049,
      -0.20699422280149218,
      -0.45935079860354966,
      -0.14692434172807609,
      -0.4964827162048127,
      -0.3193648426033513,
      -0.23738379927047037,
      -0.0013601523322835127,
      -0.7574860576137848,
      0.30169474681996084,
      -0.6215137654480618,
      0.34633473734099807,
      -0.5761982455901568,
      0.38754792036142366,
      -0.5237318298127178,
      0.42195383210004894,
      -0.46818983762521776,
      0.44902334194593935,
      -0.41348404834494773,
      0.4713036822712818,
      -0.35411863958378703,
      0.4897176664169521,
      -0.29195901159625437,
      0.49878956893652154,
      -0.2328078638801176,
      0.5239957745994374,
      0.021037563629682055,
      0.33626620596868884,
      0.1504830283985736,
      0.4031270544123043,
      0.09975983623012849,
      0.105920123494068,
      -0.3427397299311302,
      0.33218150876039626,
      -0.020420725752667682,
      0.13241105350262966,
      -0.30340427305640244,
      0.1988763081350905,
      -0.45934261096063805,
      0.14229719606164384,
      -0.49958168588033536,
      0.3000626834637965,
      -0.2357066084698933
    ],
    "left_index": [
      0,
      4,
      5,
      6,
      7,
      8,
      9,
      10,
      11,
      33,
      34,
      47,
      52,
      82,
      84,
      95,
      104
    ],
    "center_index": [
      16
    ],
    "right_index": [
      21,
      22,
      23,
      24,
      25,
      26,
      27,
      28,
      32,
      41,
      42,
      51,
      61,
      83,
      90,
      91,
      105
    ]
  }
}