{
  "type": "FaceSlimer",
  "name_en": "soulian",
  "name_cn": "04",
  "thumbnail": "thumbnail.png",
  "version": "1.0",
  "params": {
    "width": 511,
    "height": 574,
    "lamba":40,
    "ratio": 1.5,
    "face_rect": [
      73,
      186,
      359,
      359
    ],
    "orien_angle": [
      0.010545349827998174,
      0.9999443962526142
    ],
    "max_length": 117.34939583480461,
    "left_length": 124.32031690881182,
    "center_length": 76.19351820636318,
    "right_length": 121.67537123862687,
    "control_points": [
    -0.540570,
0.010788,
-0.526970,
-0.233081,
-0.512753,
-0.292517,
-0.486193,
-0.348314,
-0.460847,
-0.406217,
-0.429558,
-0.460496,
-0.391383,
-0.514311,
-0.349669,
-0.565845,
-0.265795,
-0.663702,
-0.416328,
0.099071,
-0.346556,
0.154114,
-0.111513,
-0.345695,
-0.343767,
-0.015510,
-0.141509,
-0.304196,
-0.206994,
-0.459351,
-0.146924,
-0.496483,
-0.319365,
-0.237384,
-0.001360,
-0.757486,
0.247812,
-0.664118,
0.335817,
-0.564698,
0.376638,
-0.512347,
0.411761,
-0.457781,
0.440692,
-0.404209,
0.465209,
-0.346077,
0.489718,
-0.291959,
0.498790,
-0.232808,
0.523996,
0.021038,
0.336266,
0.150483,
0.403127,
0.099760,
0.105920,
-0.342740,
0.332181,
-0.020421,
0.132411,
-0.303404,
0.198876,
-0.459343,
0.142297,
-0.499582,
0.300063,
-0.235707
    ],
    "origin_points": [
      -0.540570,
0.010788,
-0.526970,
-0.233081,
-0.512753,
-0.292517,
-0.492724,
-0.354991,
-0.469563,
-0.413996,
-0.440215,
-0.469624,
-0.403073,
-0.524397,
-0.361122,
-0.576044,
-0.265795,
-0.663702,
-0.416328,
0.099071,
-0.346556,
0.154114,
-0.111513,
-0.345695,
-0.343767,
-0.015510,
-0.141509,
-0.304196,
-0.206994,
-0.459351,
-0.146924,
-0.496483,
-0.319365,
-0.237384,
-0.001360,
-0.757486,
0.247812,
-0.664118,
0.346335,
-0.576198,
0.387548,
-0.523732,
0.421954,
-0.468190,
0.449023,
-0.413484,
0.471304,
-0.354119,
0.489718,
-0.291959,
0.498790,
-0.232808,
0.523996,
0.021038,
0.336266,
0.150483,
0.403127,
0.099760,
0.105920,
-0.342740,
0.332181,
-0.020421,
0.132411,
-0.303404,
0.198876,
-0.459343,
0.142297,
-0.499582,
0.300063,
-0.235707
    ],
    "left_index": [
      0,
      4,
      5,
      6,
      7,
      8,
      9,
      10,
      12,
      33,
      34,
      47,
      52,
      82,
      84,
      95,
      104
    ],
    "center_index": [
      16
    ],
    "right_index": [
      20,
      22,
      23,
      24,
      25,
      26,
      27,
      28,
      32,
      41,
      42,
      51,
      61,
      83,
      90,
      91,
      105
    ]
  }
}