{
  "type": "FaceSlimer",
  "name_en": "soulian",
  "name_cn": "07",
  "thumbnail": "thumbnail.png",
  "version": "1.0",
  "params": {
    "width": 511,
    "height": 574,
    "lamba": 20,
    "ratio": 1.0,
    "face_rect": [
      73,
      186,
      359,
      359
    ],
    "orien_angle": [
      0.010545349827998174,
      0.9999443962526142
    ],
    "max_length": 117.34939583480461,
    "left_length": 124.32031690881182,
    "center_length": 76.19351820636318,
    "right_length": 121.67537123862687,
    "left_select_num": 22,
    "center_select_num": 4,
    "right_select_num": 22,
    "control_points": [
      -0.5197080250122309,
      0.007187368147049216,
      -0.4886663328644814,
      -0.22853519027656793,
      -0.3810003172394814,
      -0.5181238260834059,
      -0.2413466242661448,
      -0.6627843770415941,
      -0.4163279673357999,
      0.09907090456228224,
      -0.34655630331916587,
      0.1541141948633493,
      -0.17854562897504891,
      0.13897837994406032,
      -0.3437671400096318,
      -0.01550973500108885,
      -0.14098864292211963,
      -0.04064920139645035,
      -0.2622161088857632,
      0.09567367075212325,
      -0.18295073089301003,
      0.08672202505716463,
      -0.10286746986224926,
      0.06551634891523302,
      -0.23618138979559075,
      0.018898781168336237,
      -0.25017122093245475,
      -0.05582515703261106,
      -0.11175931269875244,
      -0.2416864587870209,
      -0.14150941255274585,
      -0.3041962414253049,
      -0.20699422280149218,
      -0.45935079860354966,
      -0.14692434172807609,
      -0.4964827162048127,
      -0.3193648426033513,
      -0.23738379927047037,
      -0.49408645779186033,
      0.1507201510439351,
      -0.5217866542987861,
      0.41298189063520796,
      -0.41005950151357634,
      0.33468968195366944,
      -0.0013601523322835127,
      -0.7574860576137848,
      -0.003039753833628914,
      -0.36474503041975176,
      0.0000634837290545499,
      -0.44207625438942727,
      0.002195593428938356,
      -0.5352340857741724,
      0.22379238778131116,
      -0.6633212524839395,
      0.3654750517903009,
      -0.5174583940140461,
      0.46048552929305286,
      -0.22826180806974086,
      0.5031341731898239,
      0.017437021076056186,
      0.16729055505442758,
      0.14160959064337433,
      0.33626620596868884,
      0.1504830283985736,
      0.4031270544123043,
      0.09975983623012849,
      0.12801246120505136,
      -0.04378666362695993,
      0.33218150876039626,
      -0.020420725752667682,
      0.08952579386313601,
      0.07026943512494556,
      0.17045793328033268,
      0.08689492255553136,
      0.254249766848092,
      0.09882421194468641,
      0.22036128034796967,
      0.016471304544588415,
      0.23744945190190803,
      -0.056212953574150695,
      0.10133591743364725,
      -0.23860535305966898,
      0.13241105350262966,
      -0.30340427305640244,
      0.1988763081350905,
      -0.45934261096063805,
      0.14229719606164384,
      -0.49958168588033536,
      0.3000626834637965,
      -0.2357066084698933,
      0.49978500336350296,
      0.14328204962434668,
      0.5299508231026786,
      0.40595045986906575,
      0.41699206805742417,
      0.329071682920024
    ],
    "origin_points": [
      -0.5405695667005566,
      0.010787910700675087,
      -0.5269703725079501,
      -0.2330812460869447,
      -0.4030731858106042,
      -0.5243972618820776,
      -0.265794608457681,
      -0.6637018183797909,
      -0.4163279673357999,
      0.09907090456228224,
      -0.34655630331916587,
      0.1541141948633493,
      -0.17854562897504891,
      0.13897837994406032,
      -0.3437671400096318,
      -0.01550973500108885,
      -0.14098864292211963,
      -0.04064920139645035,
      -0.2622161088857632,
      0.09567367075212325,
      -0.18295073089301003,
      0.08672202505716463,
      -0.10286746986224926,
      0.06551634891523302,
      -0.23618138979559075,
      0.018898781168336237,
      -0.25017122093245475,
      -0.05582515703261106,
      -0.11175931269875244,
      -0.2416864587870209,
      -0.14150941255274585,
      -0.3041962414253049,
      -0.20699422280149218,
      -0.45935079860354966,
      -0.14692434172807609,
      -0.4964827162048127,
      -0.3193648426033513,
      -0.23738379927047037,
      -0.49408645779186033,
      0.1507201510439351,
      -0.5217866542987861,
      0.41298189063520796,
      -0.41005950151357634,
      0.33468968195366944,
      -0.0013601523322835127,
      -0.7574860576137848,
      -0.003039753833628914,
      -0.36474503041975176,
      0.0000634837290545499,
      -0.44207625438942727,
      0.002195593428938356,
      -0.5352340857741724,
      0.24781181201076322,
      -0.6641175805068598,
      0.38754792036142366,
      -0.5237318298127178,
      0.49878956893652154,
      -0.2328078638801176,
      0.5239957745994374,
      0.021037563629682055,
      0.16729055505442758,
      0.14160959064337433,
      0.33626620596868884,
      0.1504830283985736,
      0.4031270544123043,
      0.09975983623012849,
      0.12801246120505136,
      -0.04378666362695993,
      0.33218150876039626,
      -0.020420725752667682,
      0.08952579386313601,
      0.07026943512494556,
      0.17045793328033268,
      0.08689492255553136,
      0.254249766848092,
      0.09882421194468641,
      0.22036128034796967,
      0.016471304544588415,
      0.23744945190190803,
      -0.056212953574150695,
      0.10133591743364725,
      -0.23860535305966898,
      0.13241105350262966,
      -0.30340427305640244,
      0.1988763081350905,
      -0.45934261096063805,
      0.14229719606164384,
      -0.49958168588033536,
      0.3000626834637965,
      -0.2357066084698933,
      0.49978500336350296,
      0.14328204962434668,
      0.5299508231026786,
      0.40595045986906575,
      0.41699206805742417,
      0.329071682920024
    ],
    "left_index": [
      0,
      4,
      9,
      12,
      33,
      34,
      36,
      52,
      55,
      65,
      66,
      67,
      72,
      73,
      80,
      82,
      84,
      95,
      104,
      110,
      112,
      117
    ],
    "center_index": [
      16,
      49,
      87,
      93
    ],
    "right_index": [
      20,
      23,
      28,
      32,
      39,
      41,
      42,
      58,
      61,
      68,
      69,
      70,
      75,
      76,
      81,
      83,
      90,
      91,
      105,
      111,
      116,
      118
    ]
  }
}