{
  "type": "FaceSlimer",
  "name_en": "soulian",
  "name_cn": "07",
  "thumbnail": "thumbnail.png",
  "version": "1.0",
  "params": {
    "width": 511,
    "height": 574,
    "lamba": 20,
    "ratio": 1.0,
    "face_rect": [
      73,
      186,
      359,
      359
    ],
    "orien_angle": [
      0.010545349827998174,
      0.9999443962526142
    ],
    "max_length": 117.34939583480461,
    "left_length": 124.32031690881182,
    "center_length": 76.19351820636318,
    "right_length": 121.67537123862687,
    "left_select_num": 17,
    "center_select_num": 5,
    "right_select_num": 17,
    "control_points": [
      -0.4402149297486546,
      -0.46962373846499345,
      -0.361122325441842,
      -0.5760440627041594,
      -0.26433549795132094,
      -0.6480000459358667,
      -0.15048904568248533,
      -0.7003467307273519,
      -0.4163279673357999,
      0.09907090456228224,
      -0.34655630331916587,
      0.1541141948633493,
      -0.3437671400096318,
      -0.01550973500108885,
      -0.20699422280149218,
      -0.45935079860354966,
      -0.11817457344667319,
      -0.4509615482768946,
      -0.03940727099513821,
      -0.4422175709794207,
      -0.07553948628225905,
      -0.5282875619283537,
      -0.14692434172807609,
      -0.4964827162048127,
      -0.1828936970630504,
      -0.4642772076437282,
      -0.08852558173312133,
      -0.47627338050549867,
      -0.3193648426033513,
      -0.23738379927047037,
      0.3243471507690191,
      -0.7519190984320557,
      0.18233996128149463,
      -0.8349881587543554,
      0.0013922226638943247,
      -0.7211784336209712,
      0.0000634837290545499,
      -0.44207625438942727,
      0.002195593428938356,
      -0.5352340857741724,
      0.00008277370505136987,
      -0.48281105387086237,
      -0.0006943794145976027,
      -0.8686217198388502,
      0.1423490341395548,
      -0.6999556378620427,
      0.24635270150440314,
      -0.6484158080629355,
      0.34633473734099807,
      -0.5761982455901568,
      0.42195383210004894,
      -0.46818983762521776,
      0.33626620596868884,
      0.1504830283985736,
      0.4031270544123043,
      0.09975983623012849,
      0.33218150876039626,
      -0.020420725752667682,
      0.03878742374785959,
      -0.43841563367677483,
      0.11962388966181507,
      -0.4474396921616398,
      0.1988763081350905,
      -0.45934261096063805,
      0.14229719606164384,
      -0.49958168588033536,
      0.07612768124694227,
      -0.5272221050195993,
      0.1762118404858733,
      -0.4639768168485954,
      0.08841426125244618,
      -0.47463755325157886,
      0.3000626834637965,
      -0.2357066084698933,
      -0.18798469797272505,
      -0.8362873356516768,
      -0.3427312145494435,
      -0.7512248501129682
    ],
    "origin_points": [
      -0.4402149297486546,
      -0.46962373846499345,
      -0.361122325441842,
      -0.5760440627041594,
      -0.265794608457681,
      -0.6637018183797909,
      -0.14199852990077666,
      -0.7329650240908101,
      -0.4163279673357999,
      0.09907090456228224,
      -0.34655630331916587,
      0.1541141948633493,
      -0.3437671400096318,
      -0.01550973500108885,
      -0.20699422280149218,
      -0.45935079860354966,
      -0.11817457344667319,
      -0.4509615482768946,
      -0.03940727099513821,
      -0.4422175709794207,
      -0.07553948628225905,
      -0.5282875619283537,
      -0.14692434172807609,
      -0.4964827162048127,
      -0.1828936970630504,
      -0.4642772076437282,
      -0.08852558173312133,
      -0.47627338050549867,
      -0.3193648426033513,
      -0.23738379927047037,
      0.3243471507690191,
      -0.7519190984320557,
      0.18233996128149463,
      -0.8349881587543554,
      -0.0013601523322835127,
      -0.7574860576137848,
      0.0000634837290545499,
      -0.44207625438942727,
      0.002195593428938356,
      -0.5352340857741724,
      0.00008277370505136987,
      -0.48281105387086237,
      -0.0006943794145976027,
      -0.8686217198388502,
      0.1338584586365582,
      -0.7325739312255009,
      0.24781181201076322,
      -0.6641175805068598,
      0.34633473734099807,
      -0.5761982455901568,
      0.42195383210004894,
      -0.46818983762521776,
      0.33626620596868884,
      0.1504830283985736,
      0.4031270544123043,
      0.09975983623012849,
      0.33218150876039626,
      -0.020420725752667682,
      0.03878742374785959,
      -0.43841563367677483,
      0.11962388966181507,
      -0.4474396921616398,
      0.1988763081350905,
      -0.45934261096063805,
      0.14229719606164384,
      -0.49958168588033536,
      0.07612768124694227,
      -0.5272221050195993,
      0.1762118404858733,
      -0.4639768168485954,
      0.08841426125244618,
      -0.47463755325157886,
      0.3000626834637965,
      -0.2357066084698933,
      -0.18798469797272505,
      -0.8362873356516768,
      -0.3427312145494435,
      -0.7512248501129682
    ],
    "left_index": [
      8,
      10,
      12,
      14,
      33,
      34,
      52,
      84,
      85,
      86,
      94,
      95,
      96,
      103,
      104,
      132,
      133
    ],
    "center_index": [
      16,
      87,
      93,
      102,
      134
    ],
    "right_index": [
      18,
      20,
      22,
      24,
      41,
      42,
      61,
      88,
      89,
      90,
      91,
      92,
      100,
      101,
      105,
      135,
      136
    ]
  }
}