{
  "type": "FaceSlimer",
  "name_en": "soulian",
  "name_cn": "01",
  "thumbnail": "thumbnail.png",
  "version": "1.0",
  "params": {
    "width": 511,
    "height": 574,
    "lamba": 20,
    "ratio": 0.8,
    "face_rect": [
      73,
      186,
      359,
      359
    ],
    "orien_angle": [
      0.010545349827998174,
      0.9999443962526142
    ],
    "max_length": 117.34939583480461,
    "left_length": 124.32031690881182,
    "center_length": 76.19351820636318,
    "right_length": 121.67537123862687,
    "left_select_num": 20,
    "center_select_num": 3,
    "right_select_num": 20,
    "control_points": [
      -0.5405695667005566,
      0.010787910700675087,
      -0.5325660183005136,
      -0.11456437061057273,
      -0.5170225975798067,
      -0.23988624067672037,
      -0.4591862329531556,
      -0.36843627504355403,
      -0.40678629716548437,
      -0.46209833763202307,
      -0.3351903866881727,
      -0.5653112325103441,
      -0.2572009540117417,
      -0.6578107561383929,
      -0.2070541829745597,
      -0.6994662932817944,
      -0.14199852990077666,
      -0.7329650240908101,
      -0.4163279673357999,
      0.09907090456228224,
      -0.34655630331916587,
      0.1541141948633493,
      -0.3437671400096318,
      -0.01550973500108885,
      -0.14150941255274585,
      -0.3041962414253049,
      -0.2007906142979452,
      -0.4577299643061302,
      -0.03940727099513821,
      -0.4422175709794207,
      -0.07553948628225905,
      -0.5282875619283537,
      -0.1446506925758317,
      -0.4969648301393728,
      -0.3193648426033513,
      -0.23738379927047037,
      -0.18798469797272505,
      -0.8362873356516768,
      -0.3427312145494435,
      -0.7512248501129682,
      -0.0013601523322835127,
      -0.7574860576137848,
      0.002195593428938356,
      -0.5352340857741724,
      -0.0006943794145976027,
      -0.8686217198388502,
      0.1338584586365582,
      -0.7325739312255009,
      0.19467288500642124,
      -0.6974444771477569,
      0.23921815756482387,
      -0.6582265182654616,
      0.3204027985873288,
      -0.5654654153963414,
      0.3885251995168787,
      -0.4606644367922474,
      0.4377656402886497,
      -0.36756423790695775,
      0.4888125305772994,
      -0.23960530882513068,
      0.5142666990276419,
      -0.10829433746869556,
      0.5239957745994374,
      0.021037563629682055,
      0.33626620596868884,
      0.1504830283985736,
      0.4031270544123043,
      0.09975983623012849,
      0.33218150876039626,
      -0.020420725752667682,
      0.13241105350262966,
      -0.30340427305640244,
      0.03878742374785959,
      -0.43841563367677483,
      0.19267269963154354,
      -0.4577217766632186,
      0.14002348718811156,
      -0.5000637998148955,
      0.07612768124694227,
      -0.5272221050195993,
      0.3000626834637965,
      -0.2357066084698933,
      0.3243471507690191,
      -0.7519190984320557,
      0.18233996128149463,
      -0.8349881587543554
    ],
    "origin_points": [
      -0.5405695667005566,
      0.010787910700675087,
      -0.5386043182791096,
      -0.11210031542628485,
      -0.5269703725079501,
      -0.2330812460869447,
      -0.4927242749357877,
      -0.35499067672038326,
      -0.4402149297486546,
      -0.46962373846499345,
      -0.361122325441842,
      -0.5760440627041594,
      -0.265794608457681,
      -0.6637018183797909,
      -0.20737727514218443,
      -0.7033582946564678,
      -0.14199852990077666,
      -0.7329650240908101,
      -0.4163279673357999,
      0.09907090456228224,
      -0.34655630331916587,
      0.1541141948633493,
      -0.3437671400096318,
      -0.01550973500108885,
      -0.14150941255274585,
      -0.3041962414253049,
      -0.20699422280149218,
      -0.45935079860354966,
      -0.03940727099513821,
      -0.4422175709794207,
      -0.07553948628225905,
      -0.5282875619283537,
      -0.14692434172807609,
      -0.4964827162048127,
      -0.3193648426033513,
      -0.23738379927047037,
      -0.18798469797272505,
      -0.8362873356516768,
      -0.3427312145494435,
      -0.7512248501129682,
      -0.0013601523322835127,
      -0.7574860576137848,
      0.002195593428938356,
      -0.5352340857741724,
      -0.0006943794145976027,
      -0.8686217198388502,
      0.1338584586365582,
      -0.7325739312255009,
      0.194995977174046,
      -0.7013364785224303,
      0.24781181201076322,
      -0.6641175805068598,
      0.34633473734099807,
      -0.5761982455901568,
      0.42195383210004894,
      -0.46818983762521776,
      0.4713036822712818,
      -0.35411863958378703,
      0.49878956893652154,
      -0.2328078638801176,
      0.5203049990062377,
      -0.10583028228440766,
      0.5239957745994374,
      0.021037563629682055,
      0.33626620596868884,
      0.1504830283985736,
      0.4031270544123043,
      0.09975983623012849,
      0.33218150876039626,
      -0.020420725752667682,
      0.13241105350262966,
      -0.30340427305640244,
      0.03878742374785959,
      -0.43841563367677483,
      0.1988763081350905,
      -0.45934261096063805,
      0.14229719606164384,
      -0.49958168588033536,
      0.07612768124694227,
      -0.5272221050195993,
      0.3000626834637965,
      -0.2357066084698933,
      0.3243471507690191,
      -0.7519190984320557,
      0.18233996128149463,
      -0.8349881587543554
    ],
    "left_index": [
      0,
      2,
      4,
      6,
      8,
      10,
      12,
      13,
      14,
      33,
      34,
      52,
      82,
      84,
      86,
      94,
      95,
      104,
      135,
      136
    ],
    "center_index": [
      16,
      93,
      134
    ],
    "right_index": [
      18,
      19,
      20,
      22,
      24,
      26,
      28,
      30,
      32,
      41,
      42,
      61,
      83,
      88,
      90,
      91,
      92,
      105,
      132,
      133
    ]
  }
}