{
  "type": "FaceSlimer",
  "name_en": "soulian",
  "name_cn": "06",
  "thumbnail": "thumbnail.png",
  "version": "1.0",
  "params": {
    "width": 511,
    "height": 574,
    "lamba": 20,
    "ratio": 1.0,
    "face_rect": [
      73,
      186,
      359,
      359
    ],
    "orien_angle": [
      0.010545349827998174,
      0.9999443962526142
    ],
    "max_length": 117.34939583480461,
    "left_length": 124.32031690881182,
    "center_length": 76.19351820636318,
    "right_length": 121.67537123862687,
    "left_select_num": 14,
    "center_select_num": 1,
    "right_select_num": 14,
    "control_points": [
      -0.5383263156838614,
      -0.04992888447299652,
      -0.4163279673357999,
      0.09907090456228224,
      -0.34655630331916587,
      0.1541141948633493,
      -0.36629024737035226,
      -0.014141441637630661,
      -0.2802877706090998,
      0.025377120705847127,
      -0.1329959637964775,
      -0.03890831711400261,
      -0.19843711778375733,
      -0.06236921037946429,
      -0.2337548541462818,
      0.026084128987913763,
      -0.2430536975599315,
      -0.06508155317672039,
      -0.20699422280149218,
      -0.45935079860354966,
      -0.14692434172807609,
      -0.4964827162048127,
      -0.3193648426033513,
      -0.23738379927047037,
      -0.1820252300941781,
      0.013748860109973868,
      -0.29273655363258316,
      -0.05713528623148955,
      -0.0013601523322835127,
      -0.7574860576137848,
      0.5237439896495841,
      -0.042366586080411585,
      0.33626620596868884,
      0.1504830283985736,
      0.4031270544123043,
      0.09975983623012849,
      0.12001972235812133,
      -0.042045779344512195,
      0.26728357960799903,
      0.019403225038109755,
      0.3547045563998288,
      -0.019052432389209496,
      0.1815193907855308,
      -0.06152843515216681,
      0.2179346849773728,
      0.02365665236416594,
      0.23033186880809686,
      -0.06546934971826002,
      0.1988763081350905,
      -0.45934261096063805,
      0.14229719606164384,
      -0.49958168588033536,
      0.3000626834637965,
      -0.2357066084698933,
      0.16877857066413895,
      0.010105252681293553,
      0.2752744073737158,
      -0.06125260728576873
    ],
    "origin_points": [
      -0.5383263156838614,
      -0.04992888447299652,
      -0.4163279673357999,
      0.09907090456228224,
      -0.34655630331916587,
      0.1541141948633493,
      -0.3437671400096318,
      -0.01550973500108885,
      -0.2739291256421233,
      0.019706486824912894,
      -0.14098864292211963,
      -0.04064920139645035,
      -0.21201833586870109,
      -0.05365064667492378,
      -0.23618138979559075,
      0.018898781168336237,
      -0.25017122093245475,
      -0.05582515703261106,
      -0.20699422280149218,
      -0.45935079860354966,
      -0.14692434172807609,
      -0.4964827162048127,
      -0.3193648426033513,
      -0.23738379927047037,
      -0.19413348233396527,
      0.010980160809560104,
      -0.284301041157045,
      -0.049032071741615856,
      -0.0013601523322835127,
      -0.7574860576137848,
      0.5237439896495841,
      -0.042366586080411585,
      0.33626620596868884,
      0.1504830283985736,
      0.4031270544123043,
      0.09975983623012849,
      0.12801246120505136,
      -0.04378666362695993,
      0.2606405418679672,
      0.01433422341163981,
      0.33218150876039626,
      -0.020420725752667682,
      0.19545439778008805,
      -0.053414055694686415,
      0.22036128034796967,
      0.016471304544588415,
      0.23744945190190803,
      -0.056212953574150695,
      0.1988763081350905,
      -0.45934261096063805,
      0.14229719606164384,
      -0.49958168588033536,
      0.3000626834637965,
      -0.2357066084698933,
      0.18109859459087574,
      0.00742055647049216,
      0.26736348669123045,
      -0.05268429214530706
    ],
    "left_index": [
      1,
      33,
      34,
      52,
      53,
      55,
      56,
      72,
      73,
      84,
      95,
      104,
      120,
      122
    ],
    "center_index": [
      16
    ],
    "right_index": [
      31,
      41,
      42,
      58,
      60,
      61,
      63,
      75,
      76,
      90,
      91,
      105,
      124,
      126
    ]
  }
}