{
  "type": "FaceSlimer",
  "name_en": "soulian",
  "name_cn": "01",
  "thumbnail": "thumbnail.png",
  "version": "1.0",
  "params": {
    "width": 511,
    "height": 574,
    "lamba": 20,
    "ratio": 1.0,
    "face_rect": [
      73,
      186,
      359,
      359
    ],
    "orien_angle": [
      0.010545349827998174,
      0.9999443962526142
    ],
    "max_length": 117.34939583480461,
    "left_length": 124.32031690881182,
    "center_length": 76.19351820636318,
    "right_length": 121.67537123862687,
    "control_points": [
      -0.4163279673357999,
      0.09907090456228224,
      -0.34655630331916587,
      0.1541141948633493,
      -0.3437671400096318,
      -0.01550973500108885,
      -0.08023340034858122,
      -0.2500727317889808,
      -0.09120396205357142,
      -0.30450131087353005,
      -0.20699422280149218,
      -0.45935079860354966,
      -0.14692434172807609,
      -0.4964827162048127,
      -0.3193648426033513,
      -0.23738379927047037,
      -0.0013601523322835127,
      -0.7574860576137848,
      0.33626620596868884,
      0.1504830283985736,
      0.4031270544123043,
      0.09975983623012849,
      0.33218150876039626,
      -0.020420725752667682,
      0.07049321661723336,
      -0.24699396538817509,
      0.08210554328216732,
      -0.3037093425046276,
      0.1988763081350905,
      -0.45934261096063805,
      0.14229719606164384,
      -0.49958168588033536,
      0.3000626834637965,
      -0.2357066084698933
    ],
    "origin_points": [
      -0.4163279673357999,
      0.09907090456228224,
      -0.34655630331916587,
      0.1541141948633493,
      -0.3437671400096318,
      -0.01550973500108885,
      -0.11175931269875244,
      -0.2416864587870209,
      -0.14150941255274585,
      -0.3041962414253049,
      -0.20699422280149218,
      -0.45935079860354966,
      -0.14692434172807609,
      -0.4964827162048127,
      -0.3193648426033513,
      -0.23738379927047037,
      -0.0013601523322835127,
      -0.7574860576137848,
      0.33626620596868884,
      0.1504830283985736,
      0.4031270544123043,
      0.09975983623012849,
      0.33218150876039626,
      -0.020420725752667682,
      0.10133591743364725,
      -0.23860535305966898,
      0.13241105350262966,
      -0.30340427305640244,
      0.1988763081350905,
      -0.45934261096063805,
      0.14229719606164384,
      -0.49958168588033536,
      0.3000626834637965,
      -0.2357066084698933
    ],
    "left_index": [
      33,
      34,
      52,
      80,
      82,
      84,
      95,
      104
    ],
    "center_index": [
      16
    ],
    "right_index": [
      41,
      42,
      61,
      81,
      83,
      90,
      91,
      105
    ]
  }
}