{
  "type": "FaceSlimer",
  "name_en": "soulian",
  "name_cn": "05",
  "thumbnail": "thumbnail.png",
  "version": "1.0",
  "params": {
    "width": 511,
    "height": 574,
    "lamba": 20,
    "ratio": 0.5,
    "prior": 100,
    "face_rect": [
      73,
      186,
      359,
      359
    ],
    "orien_angle": [
      0.010545349827998174,
      0.9999443962526142
    ],
    "max_length": 117.34939583480461,
    "left_length": 124.32031690881182,
    "center_length": 76.19351820636318,
    "right_length": 121.67537123862687,
    "control_points": [
      -0.47640005809686886,
      0.00788512545595601,
      -0.43559393537487767,
      -0.3222101191610409,
      -0.3019735257919521,
      -0.5313602673467444,
      -0.18684879907656557,
      -0.6265414035278746,
      -0.1255752354452055,
      -0.6556449650887413,
      -0.35599489454653865,
      0.09374096169288981,
      -0.2810130259295499,
      0.1348183661803136,
      -0.21719676874388455,
      0.12394645239002614,
      -0.06594120033099926,
      0.09447901921820558,
      -0.31310844048128667,
      -0.014744243555368032,
      -0.16128737119312622,
      0.0022816940467116726,
      -0.12472396820725294,
      -0.03278746920595601,
      -0.06502597159368885,
      0.06171813326845601,
      -0.222241784261864,
      0.01072379188670514,
      -0.21819435313723093,
      -0.04626252177700348,
      -0.12160591976516634,
      -0.27564242160278746,
      -0.18371223703522505,
      -0.4061908788381969,
      -0.0377882866010274,
      -0.39269838765107795,
      -0.05525318003913894,
      -0.4724838841667574,
      -0.10066046966731898,
      -0.45912282059832316,
      -0.27320076481470157,
      -0.22942381536503703,
      -0.17297578277886497,
      0.36144381533101044,
      -0.4316535247981898,
      0.24496268561492815,
      0.006641007216242662,
      -0.6759014063180532,
      -0.006421232876712328,
      -0.018238240418118466,
      -0.000845653436888454,
      -0.33051143207616507,
      0.0011619373776908023,
      -0.480269162912402,
      -0.0103198385518591,
      0.20108340592334495,
      -0.019049657534246575,
      0.39297963850174217,
      0.11258442201259784,
      -0.6551450935390353,
      0.1714982781158268,
      -0.6243728478195776,
      0.28637838643590996,
      -0.5314304471431294,
      0.4139914316673801,
      -0.32071486416594075,
      0.4598505725599315,
      0.01811149145252613,
      0.059267406127690804,
      0.09876785544152875,
      0.2073488478091365,
      0.12455643178693925,
      0.2707229285790729,
      0.13118719971553788,
      0.34279398162304303,
      0.09442989336073607,
      0.1158296767979452,
      -0.036378016455248255,
      0.15099930436643835,
      -0.0019888528963414634,
      0.3015227495107632,
      -0.019655234306946864,
      0.06319037808830724,
      0.0679119256315331,
      0.20793041371086105,
      0.00740822183961237,
      0.20673431575648238,
      -0.04715571918554007,
      0.11577401655760763,
      -0.2749211646953942,
      0.03900003153284002,
      -0.38899874271831447,
      0.17559432236882339,
      -0.4061826911952853,
      0.09603326427959882,
      -0.4622217902738458,
      0.05520886684350538,
      -0.4719053261786803,
      0.25389860567514677,
      -0.22774662456445993,
      0.14901679649278377,
      0.36244185710202526,
      0.4141989034215998,
      0.2501884221199913
    ],
    "origin_points": [
      -0.5405695667005566,
      0.010787910700675087,
      -0.4927242749357877,
      -0.35499067672038326,
      -0.361122325441842,
      -0.5760440627041594,
      -0.20737727514218443,
      -0.7033582946564678,
      -0.14199852990077666,
      -0.7329650240908101,
      -0.4163279673357999,
      0.09907090456228224,
      -0.34655630331916587,
      0.1541141948633493,
      -0.2632043767581947,
      0.15257890548440223,
      -0.09776076225385275,
      0.11393083844866071,
      -0.3437671400096318,
      -0.01550973500108885,
      -0.1778071155286815,
      0.0015946763733122823,
      -0.14098864292211963,
      -0.04064920139645035,
      -0.10286746986224926,
      0.06551634891523302,
      -0.23618138979559075,
      0.018898781168336237,
      -0.25017122093245475,
      -0.05582515703261106,
      -0.14150941255274585,
      -0.3041962414253049,
      -0.20699422280149218,
      -0.45935079860354966,
      -0.03940727099513821,
      -0.4422175709794207,
      -0.07553948628225905,
      -0.5282875619283537,
      -0.14692434172807609,
      -0.4964827162048127,
      -0.3193648426033513,
      -0.23738379927047037,
      -0.1917871523743273,
      0.46098513719512196,
      -0.4882522254540729,
      0.26089748688275805,
      -0.0013601523322835127,
      -0.7574860576137848,
      -0.009088505037610078,
      -0.019906711910659843,
      -0.003039753833628914,
      -0.36474503041975176,
      0.002195593428938356,
      -0.5352340857741724,
      -0.013242240054733366,
      0.24555017557709058,
      -0.017395975071856654,
      0.511007063064841,
      0.1338584586365582,
      -0.7325739312255009,
      0.194995977174046,
      -0.7013364785224303,
      0.34633473734099807,
      -0.5761982455901568,
      0.4713036822712818,
      -0.35411863958378703,
      0.5239957745994374,
      0.021037563629682055,
      0.0841332004494863,
      0.11767381408904072,
      0.2522486259326076,
      0.1531149834290614,
      0.33626620596868884,
      0.1504830283985736,
      0.4031270544123043,
      0.09975983623012849,
      0.12801246120505136,
      -0.04378666362695993,
      0.16509615605124756,
      -0.0018420069890570559,
      0.33218150876039626,
      -0.020420725752667682,
      0.08952579386313601,
      0.07026943512494556,
      0.22036128034796967,
      0.016471304544588415,
      0.23744945190190803,
      -0.056212953574150695,
      0.13241105350262966,
      -0.30340427305640244,
      0.03878742374785959,
      -0.43841563367677483,
      0.1988763081350905,
      -0.45934261096063805,
      0.14229719606164384,
      -0.49958168588033536,
      0.07612768124694227,
      -0.5272221050195993,
      0.3000626834637965,
      -0.2357066084698933,
      0.16306790167104943,
      0.4620101343879301,
      0.4698566354650807,
      0.26602231334726156
    ],
    "left_index": [
      0,
      6,
      10,
      13,
      14,
      33,
      34,
      35,
      37,
      52,
      54,
      55,
      67,
      72,
      73,
      82,
      84,
      86,
      94,
      95,
      104,
      108,
      110
    ],
    "center_index": [
      16,
      43,
      49,
      93,
      106,
      107
    ],
    "right_index": [
      18,
      19,
      22,
      26,
      32,
      38,
      40,
      41,
      42,
      58,
      59,
      61,
      68,
      75,
      76,
      83,
      88,
      90,
      91,
      92,
      105,
      109,
      111
    ]
  }
}