{
  "type": "FaceSlimer",
  "name_en": "soulian",
  "name_cn": "05",
  "thumbnail": "thumbnail.png",
  "version": "1.0",
  "params": {
    "width": 511,
    "height": 574,
    "lamba": 20,
    "ratio": 0.8,
    "face_rect": [
      73,
      186,
      359,
      359
    ],
    "orien_angle": [
      0.010545349827998174,
      0.9999443962526142
    ],
    "max_length": 117.34939583480461,
    "left_length": 124.32031690881182,
    "center_length": 76.19351820636318,
    "right_length": 121.67537123862687,
    "left_select_num": 29,
    "center_select_num": 7,
    "right_select_num": 29,
    "control_points": [
      -0.479068,
0.004809,
-0.476188,
-0.158515,
-0.441182,
-0.321273,
-0.393736,
-0.423099,
-0.322406,
-0.517913,
-0.237302,
-0.595792,
-0.184860,
-0.631270,
-0.126227,
-0.657603,
-0.365531,
0.088003,
-0.304792,
0.137015,
-0.230893,
0.135424,
-0.083971,
0.100268,
-0.305166,
-0.014036,
-0.146022,
-0.008308,
-0.126974,
-0.034675,
-0.089039,
0.056298,
-0.211230,
0.017474,
-0.223019,
-0.049328,
-0.125991,
-0.272066,
-0.189302,
-0.407853,
-0.107138,
-0.403512,
-0.035329,
-0.397114,
-0.067919,
-0.468493,
-0.133286,
-0.440255,
-0.285343,
-0.213835,
-0.215035,
0.382099,
-0.457190,
0.114273,
-0.485755,
0.351007,
-0.320903,
0.599730,
-0.000510,
-0.685478,
-0.008656,
-0.017754,
-0.002646,
-0.329392,
0.002483,
-0.479041,
-0.012642,
0.221501,
-0.016628,
0.460757,
-0.013999,
0.662690,
0.121549,
-0.663371,
0.176734,
-0.635080,
0.224140,
-0.601484,
0.312839,
-0.521935,
0.381061,
-0.424075,
0.425165,
-0.321396,
0.458726,
-0.155432,
0.467242,
0.018084,
0.071704,
0.104690,
0.222483,
0.137270,
0.297597,
0.135175,
0.356351,
0.090239,
0.112886,
-0.040018,
0.130611,
-0.012714,
0.294295,
-0.018559,
0.076995,
0.061556,
0.194756,
0.013478,
0.210470,
-0.050560,
0.119494,
-0.273857,
0.035188,
-0.397142,
0.109977,
-0.404765,
0.183816,
-0.413506,
0.130908,
-0.449230,
0.069925,
-0.472690,
0.269949,
-0.213099,
0.194833,
0.390908,
0.442394,
0.125157,
0.296825,
0.612292,
0.467083,
0.363809      
    ],
    "origin_points": [
      -0.5405700146102159,
      0.010788017033699913,
      -0.5339293060004128,
      -0.1726539957398737,
      -0.4927239763293481,
      -0.35499099571945775,
      -0.4402149297486546,
      -0.46962373846499345,
      -0.3611220268354024,
      -0.5760439563711346,
      -0.26579502650669645,
      -0.6637020310458406,
      -0.20737697653574486,
      -0.7033579756573933,
      -0.14199900767107998,
      -0.7329650240908101,
      -0.4163280270570878,
      0.09907101089530705,
      -0.3465560047127263,
      0.15411398219729966,
      -0.2632040184304672,
      0.15257901181742706,
      -0.0977610011390044,
      0.11393099794819796,
      -0.343767020567056,
      -0.015509947667138502,
      -0.16288802115184686,
      -0.010887013079812718,
      -0.14098900124984712,
      -0.040648988730400695,
      -0.10286699209194594,
      0.06551602991615854,
      -0.23618097174657535,
      0.01889899383438589,
      -0.2501709820473031,
      -0.05582505069958624,
      -0.14150899450373042,
      -0.3041960287592552,
      -0.2069939839163405,
      -0.4593510112695993,
      -0.1181749914956886,
      -0.4509619736089939,
      -0.03940697238869863,
      -0.44221799631152003,
      -0.07553900851195572,
      -0.528287987260453,
      -0.14692398340034857,
      -0.4964830352038872,
      -0.31936502176721504,
      -0.23738401193652003,
      -0.23961602078491928,
      0.43292900909530163,
      -0.5144819942705785,
      0.13179999693760888,
      -0.5449159924531403,
      0.39862299796180856,
      -0.3563419946719056,
      0.6772300108799951,
      -0.0013599731684197651,
      -0.75748595128076,
      -0.009088982807913405,
      -0.019907030909734322,
      -0.003039992718780577,
      -0.36474503041975176,
      0.0021959517566658513,
      -0.5352339794411477,
      -0.013242001169581703,
      0.24555001607755336,
      -0.017395975071856654,
      0.5110070098983286,
      -0.010935983079286938,
      0.7389989979175741,
      0.1338579808662549,
      -0.7325740375585257,
      0.194995977174046,
      -0.7013370101875545,
      0.24781205089591488,
      -0.6641180058389591,
      0.3463349762261497,
      -0.5761980329241071,
      0.42195383210004894,
      -0.46818983762521776,
      0.4713040405990093,
      -0.3541189585828615,
      0.5112448018590998,
      -0.1706527018796276,
      0.523996013484589,
      0.02103798896178136,
      0.08413296156433464,
      0.11767397358857797,
      0.25224898426033515,
      0.1531149834290614,
      0.3362659670835372,
      0.1504829752320612,
      0.4031270544123043,
      0.09976004889617814,
      0.12801198343474804,
      -0.04378698262603441,
      0.14815895991316047,
      -0.01302196755226481,
      0.33218103099009294,
      -0.02042104475174216,
      0.08952603274828767,
      0.07026900979284625,
      0.220361041462818,
      0.016470985545513937,
      0.2374489741316047,
      -0.056212953574150695,
      0.13241105350262966,
      -0.30340395405732795,
      0.03878694597755626,
      -0.4384159526758493,
      0.1196240091043909,
      -0.4474400111607143,
      0.198875949807363,
      -0.45934303629273737,
      0.14229695717649218,
      -0.49958200487940985,
      0.07612803957466976,
      -0.5272219986865745,
      0.300063041791524,
      -0.2357070338019926,
      0.22076296573049167,
      0.4363789840857742,
      0.4955150507200954,
      0.1385090259724793,
      0.3350759607005259,
      0.6815820089200648,
      0.5239079843062011,
      0.4042940040083297
    ],
    "left_index": [
      0,
      3,
      6,
      8,
      10,
      12,
      13,
      14,
      33,
      34,
      35,
      37,
      52,
      54,
      55,
      67,
      72,
      73,
      82,
      84,
      85,
      86,
      94,
      95,
      104,
      108,
      110,
      112,
      113
    ],
    "center_index": [
      16,
      43,
      49,
      93,
      106,
      107,
      114
    ],
    "right_index": [
      18,
      19,
      20,
      22,
      24,
      26,
      29,
      32,
      38,
      40,
      41,
      42,
      58,
      59,
      61,
      68,
      75,
      76,
      83,
      88,
      89,
      90,
      91,
      92,
      105,
      109,
      111,
      115,
      116
    ]
  }
}