{
  "type": "FaceSlimer",
  "name_en": "soulian",
  "name_cn": "03",
  "thumbnail": "thumbnail.png",
  "version": "1.0",
  "params": {
    "width": 511,
    "height": 574,
    "lamba": 20,
    "ratio": 1,
    "face_rect": [
      73,
      186,
      359,
      359
    ],
    "orien_angle": [
      0.010545349827998174,
      0.9999443962526142
    ],
    "max_length": 117.34939583480461,
    "left_length": 124.32031690881182,
    "center_length": 76.19351820636318,
    "right_length": 121.67537123862687,
    "left_select_num": 14,
    "center_select_num": 1,
    "right_select_num": 14,
    "control_points": [
      -0.5146771037181996,
      -0.046548344947735194,
      -0.5146771037181996,
      -0.10926611498257839,
      -0.50293542074364,
      -0.1719838850174216,
      -0.4911937377690802,
      -0.2381859756097561,
      -0.4324853228962818,
      -0.4611824912891986,
      -0.40117416829745595,
      -0.5239002613240418,
      -0.4163280270570878,
      0.09907101089530705,
      -0.3465560047127263,
      0.15411398219729966,
      -0.343767020567056,
      -0.015509947667138502,
      -0.2069939839163405,
      -0.4593510112695993,
      -0.14692398340034857,
      -0.4964830352038872,
      -0.31936502176721504,
      -0.23738401193652003,
      -0.50293542074364,
      0.13812064459930315,
      -0.41005950151357634,
      0.33468968195366944,
      -0.0013599731684197651,
      -0.75748595128076,
      0.38564926117600296,
      -0.5232352545867813,
      0.4142242252476761,
      -0.4597485904494229,
      0.46449569433402643,
      -0.23732191345002177,
      0.47472833980552837,
      -0.17299394242024171,
      0.4861801356485445,
      -0.11169210294397866,
      0.48739606107051126,
      -0.04991133952390026,
      0.3362659670835372,
      0.1504829752320612,
      0.4031270544123043,
      0.09976004889617814,
      0.33218103099009294,
      -0.02042104475174216,
      0.198875949807363,
      -0.45934303629273737,
      0.14229695717649218,
      -0.49958200487940985,
      0.300063041791524,
      -0.2357070338019926,
      0.48396841747186886,
      0.14482962046766115,
      0.41699206805742417,
      0.329071682920024
    ],
    "origin_points": [
      -0.5383259872167777,
      -0.04992899080602134,
      -0.5386039898120261,
      -0.11209999642721037,
      -0.5339290073939732,
      -0.1726539957398737,
      -0.5269700141802226,
      -0.23308103342089503,
      -0.44021498946994253,
      -0.4696239511310431,
      -0.40307300664674045,
      -0.5243970492160279,
      -0.4163280270570878,
      0.09907101089530705,
      -0.3465560047127263,
      0.15411398219729966,
      -0.343767020567056,
      -0.015509947667138502,
      -0.2069939839163405,
      -0.4593510112695993,
      -0.14692398340034857,
      -0.4964830352038872,
      -0.31936502176721504,
      -0.23738401193652003,
      -0.5144819942705785,
      0.13179999693760888,
      -0.41005950151357634,
      0.33468968195366944,
      -0.0013599731684197651,
      -0.75748595128076,
      0.3875480398039995,
      -0.5237320424787674,
      0.42195395154262477,
      -0.4681900502912674,
      0.49879004670682486,
      -0.23280797021314242,
      0.5112450407442515,
      -0.1706530208787021,
      0.5203049990062377,
      -0.10582996328533319,
      0.5237439896495841,
      -0.04236701141251089,
      0.3362659670835372,
      0.1504829752320612,
      0.4031270544123043,
      0.09976004889617814,
      0.33218103099009294,
      -0.02042104475174216,
      0.198875949807363,
      -0.45934303629273737,
      0.14229695717649218,
      -0.49958200487940985,
      0.300063041791524,
      -0.2357070338019926,
      0.4955150507200954,
      0.1385090259724793,
      0.41699206805742417,
      0.329071682920024
    ],
    "left_index": [
      1,
      2,
      3,
      4,
      8,
      9,
      33,
      34,
      52,
      84,
      95,
      104,
      110,
      117
    ],
    "center_index": [
      16
    ],
    "right_index": [
      23,
      24,
      28,
      29,
      30,
      31,
      41,
      42,
      61,
      90,
      91,
      105,
      111,
      118
    ]
  }
}