{
  "type": "FaceSlimer",
  "name_en": "soulian",
  "name_cn": "03",
  "thumbnail": "thumbnail.png",
  "version": "1.0",
  "params": {
    "width": 511,
    "height": 574,
    "lamba": 20,
    "ratio": 1,
    "face_rect": [
      73,
      186,
      359,
      359
    ],
    "orien_angle": [
      0.010545349827998174,
      0.9999443962526142
    ],
    "max_length": 117.34939583480461,
    "left_length": 124.32031690881182,
    "center_length": 76.19351820636318,
    "right_length": 121.67537123862687,
    "control_points": [
      -0.5213035389401908,
      -0.04676526431837979,
      -0.5210527095309442,
      -0.11020588625598868,
      -0.513713679901541,
      -0.17159268581908754,
      -0.5021081614634295,
      -0.23458022273791376,
      -0.4402149297486546,
      -0.46962373846499345,
      -0.4030731858106042,
      -0.5243972618820776,
      -0.4163279673357999,
      0.09907090456228224,
      -0.34655630331916587,
      0.1541141948633493,
      -0.3437671400096318,
      -0.01550973500108885,
      -0.20699422280149218,
      -0.45935079860354966,
      -0.14692434172807609,
      -0.4964827162048127,
      -0.3193648426033513,
      -0.23738379927047037,
      -0.0013601523322835127,
      -0.7574860576137848,
      0.38754792036142366,
      -0.5237318298127178,
      0.42195383210004894,
      -0.46818983762521776,
      0.47457115337573386,
      -0.23430971152275698,
      0.49102914589958413,
      -0.16959139195884146,
      0.5034135493746942,
      -0.10393638477923563,
      0.5073748624021527,
      -0.03919265162238676,
      0.33626620596868884,
      0.1504830283985736,
      0.4031270544123043,
      0.09975983623012849,
      0.33218150876039626,
      -0.020420725752667682,
      0.1988763081350905,
      -0.45934261096063805,
      0.14229719606164384,
      -0.49958168588033536,
      0.3000626834637965,
      -0.2357066084698933
    ],
    "origin_points": [
      -0.5383263156838614,
      -0.04992888447299652,
      -0.5386043182791096,
      -0.11210031542628485,
      -0.5339293060004128,
      -0.1726539957398737,
      -0.5269703725079501,
      -0.2330812460869447,
      -0.4402149297486546,
      -0.46962373846499345,
      -0.4030731858106042,
      -0.5243972618820776,
      -0.4163279673357999,
      0.09907090456228224,
      -0.34655630331916587,
      0.1541141948633493,
      -0.3437671400096318,
      -0.01550973500108885,
      -0.20699422280149218,
      -0.45935079860354966,
      -0.14692434172807609,
      -0.4964827162048127,
      -0.3193648426033513,
      -0.23738379927047037,
      -0.0013601523322835127,
      -0.7574860576137848,
      0.38754792036142366,
      -0.5237318298127178,
      0.42195383210004894,
      -0.46818983762521776,
      0.49878956893652154,
      -0.2328078638801176,
      0.5112448018590998,
      -0.1706527018796276,
      0.5203049990062377,
      -0.10583028228440766,
      0.5237439896495841,
      -0.042366586080411585,
      0.33626620596868884,
      0.1504830283985736,
      0.4031270544123043,
      0.09975983623012849,
      0.33218150876039626,
      -0.020420725752667682,
      0.1988763081350905,
      -0.45934261096063805,
      0.14229719606164384,
      -0.49958168588033536,
      0.3000626834637965,
      -0.2357066084698933
    ],
    "left_index": [
      1,
      2,
      3,
      4,
      8,
      9,
      33,
      34,
      52,
      84,
      95,
      104
    ],
    "center_index": [
      16
    ],
    "right_index": [
      23,
      24,
      28,
      29,
      30,
      31,
      41,
      42,
      61,
      90,
      91,
      105
    ]
  }
}