{
  "type": "FaceSlimer",
  "name_en": "soulian",
  "name_cn": "01",
  "thumbnail": "thumbnail.png",
  "version": "1.0",
  "params": {
    "width": 511,
    "height": 574,
    "lamba": 20,
    "ratio": 1.0,
    "face_rect": [
      73,
      186,
      359,
      359
    ],
    "orien_angle": [
      0.010545349827998174,
      0.9999443962526142
    ],
    "max_length": 117.34939583480461,
    "left_length": 124.32031690881182,
    "center_length": 76.19351820636318,
    "right_length": 121.67537123862687,
    "control_points": [
      -0.5268712351700098,
      -0.04590471114846472,
      -0.4993294493792808,
      -0.2387827165450784,
      -0.3534582925636008,
      -0.507150257921385,
      -0.19035945526541095,
      -0.6497525205180205,
      -0.4163279673357999,
      0.09907090456228224,
      -0.34655630331916587,
      0.1541141948633493,
      -0.17854562897504891,
      0.13897837994406032,
      -0.09776076225385275,
      0.11393083844866071,
      -0.3437671400096318,
      -0.01550973500108885,
      -0.29578938642826563,
      0.013240907250381097,
      -0.1778071155286815,
      0.0015946763733122823,
      -0.14098864292211963,
      -0.04064920139645035,
      -0.30238751375978473,
      -0.043000330908373255,
      -0.2622161088857632,
      0.09567367075212325,
      -0.18295073089301003,
      0.08672202505716463,
      -0.10286746986224926,
      0.06551634891523302,
      -0.1110003745719178,
      -0.24306772477950783,
      -0.13351577788649707,
      -0.47458449307219075,
      -0.0887300674229452,
      -0.4549671133220819,
      -0.1917871523743273,
      0.46098513719512196,
      -0.4882522254540729,
      0.26089748688275805,
      0.005163741438356164,
      -0.7129795194087544,
      -0.008338107054947407,
      -0.11078157325239547,
      -0.008867416829745596,
      -0.2734420723200675,
      -0.007318007736056752,
      -0.3519844294425087,
      -0.005473336594911937,
      -0.4137041577063371,
      -0.0029507093933463795,
      -0.515257513066202,
      -0.013242240054733366,
      0.24555017557709058,
      -0.017395975071856654,
      0.511007063064841,
      0.17810608029598826,
      -0.6477225167410714,
      0.33793302711442025,
      -0.5064848258520253,
      0.47114864580785226,
      -0.2385093343382513,
      0.5122519416585127,
      -0.038349111736443814,
      0.0841332004494863,
      0.11767381408904072,
      0.16729055505442758,
      0.14160959064337433,
      0.33626620596868884,
      0.1504830283985736,
      0.4031270544123043,
      0.09975983623012849,
      0.12801246120505136,
      -0.04378666362695993,
      0.16509615605124756,
      -0.0018420069890570559,
      0.27924145364481406,
      0.008562998489220383,
      0.33218150876039626,
      -0.020420725752667682,
      0.28751261313600784,
      -0.0449255966558689,
      0.08952579386313601,
      0.07026943512494556,
      0.17045793328033268,
      0.08689492255553136,
      0.254249766848092,
      0.09882421194468641,
      0.10057697930681263,
      -0.23998661905215593,
      0.12886802837573386,
      -0.4775868060281468,
      0.08861874694227005,
      -0.45333128606816203,
      0.16306790167104943,
      0.4620101343879301,
      0.4698566354650807,
      0.26602231334726156
    ],
    "origin_points": [
      -0.5383263156838614,
      -0.04992888447299652,
      -0.5269703725079501,
      -0.2330812460869447,
      -0.4030731858106042,
      -0.5243972618820776,
      -0.20737727514218443,
      -0.7033582946564678,
      -0.4163279673357999,
      0.09907090456228224,
      -0.34655630331916587,
      0.1541141948633493,
      -0.17854562897504891,
      0.13897837994406032,
      -0.09776076225385275,
      0.11393083844866071,
      -0.3437671400096318,
      -0.01550973500108885,
      -0.29578938642826563,
      0.013240907250381097,
      -0.1778071155286815,
      0.0015946763733122823,
      -0.14098864292211963,
      -0.04064920139645035,
      -0.30238751375978473,
      -0.043000330908373255,
      -0.2622161088857632,
      0.09567367075212325,
      -0.18295073089301003,
      0.08672202505716463,
      -0.10286746986224926,
      0.06551634891523302,
      -0.11175931269875244,
      -0.2416864587870209,
      -0.14692434172807609,
      -0.4964827162048127,
      -0.08852558173312133,
      -0.47627338050549867,
      -0.1917871523743273,
      0.46098513719512196,
      -0.4882522254540729,
      0.26089748688275805,
      -0.0013601523322835127,
      -0.7574860576137848,
      -0.008338107054947407,
      -0.11078157325239547,
      -0.004934770020486791,
      -0.2853635993984103,
      -0.003039753833628914,
      -0.36474503041975176,
      0.0000634837290545499,
      -0.44207625438942727,
      0.002195593428938356,
      -0.5352340857741724,
      -0.013242240054733366,
      0.24555017557709058,
      -0.017395975071856654,
      0.511007063064841,
      0.194995977174046,
      -0.7013364785224303,
      0.38754792036142366,
      -0.5237318298127178,
      0.49878956893652154,
      -0.2328078638801176,
      0.5237439896495841,
      -0.042366586080411585,
      0.0841332004494863,
      0.11767381408904072,
      0.16729055505442758,
      0.14160959064337433,
      0.33626620596868884,
      0.1504830283985736,
      0.4031270544123043,
      0.09975983623012849,
      0.12801246120505136,
      -0.04378666362695993,
      0.16509615605124756,
      -0.0018420069890570559,
      0.27924145364481406,
      0.008562998489220383,
      0.33218150876039626,
      -0.020420725752667682,
      0.28751261313600784,
      -0.0449255966558689,
      0.08952579386313601,
      0.07026943512494556,
      0.17045793328033268,
      0.08689492255553136,
      0.254249766848092,
      0.09882421194468641,
      0.10133591743364725,
      -0.23860535305966898,
      0.14229719606164384,
      -0.49958168588033536,
      0.08841426125244618,
      -0.47463755325157886,
      0.16306790167104943,
      0.4620101343879301,
      0.4698566354650807,
      0.26602231334726156
    ],
    "left_index": [
      1,
      4,
      9,
      13,
      33,
      34,
      36,
      37,
      52,
      53,
      54,
      55,
      57,
      65,
      66,
      67,
      80,
      95,
      103,
      108,
      110
    ],
    "center_index": [
      16,
      44,
      46,
      49,
      87,
      93,
      106,
      107
    ],
    "right_index": [
      19,
      23,
      28,
      31,
      38,
      39,
      41,
      42,
      58,
      59,
      60,
      61,
      62,
      68,
      69,
      70,
      81,
      91,
      101,
      109,
      111
    ]
  }
}